standard_care,hpv_vaccination
580223213.4803536,1072464384.919677
618483545.2953827,1122087795.799773
588493136.8881266,1084068369.0901945
578252301.2519113,1071118626.8571851
562624374.9973459,1049979434.0808376
568904140.3705351,1086097801.2806227
620479322.1303374,1065680324.3580532
600285603.4457667,1116505634.8765209
569356290.4248154,1134937664.0400226
592422684.6949714,1106567090.600169
605945994.4961635,1076878405.0980554
560223586.7350224,1137180522.2659361
594952208.1673108,1111075113.4445238
534402210.72348785,1114749925.7039363
587025858.6100495,1121769582.5588129
582187062.0140381,1056698771.079411
603644728.2533414,1101085773.0787616
586387790.6263674,1103407795.6346352
602054051.2530298,1036523153.1853142
629995919.3255107,1130596540.9968185
622514105.3213303,1100500737.6242785
577987551.2389677,1059753720.4686383
618088621.9285717,1078348280.3519254
572833143.4445657,1037710709.7972927
619488070.1333656,1030076716.9602251
616361565.8483223,1123258644.6728866
572409534.5296222,1080590187.719633
554462217.5350164,1127486145.3360467
610836212.2494706,1161328028.369643
665373324.0888793,1009898406.2132788
603398891.3948703,1077514545.8199115
600740688.9002776,1143157465.9609454
562296531.721219,1089506985.3502219
558730154.0282433,1125060535.6761062
545300174.6194403,1068983289.0162686
597591067.758801,1081445436.4964137
593702316.8565668,1090064928.792713
581257016.249112,1155944245.9650607
585094471.9130502,1095412143.4920943
555660187.2973993,1089405398.6209583
555818658.2492304,1036161232.5225363
590729256.3790741,1068853697.1219598
584068790.59778,1104493278.3798618
612303326.4781553,1079900252.6995711
594830265.5499051,1048699865.9806974
584831259.7747598,1042022561.7101552
570090072.9519882,1161995186.5132265
601787446.8480645,1095414716.1308117
592079772.9281024,1087217649.231569
546688266.3324726,1103572751.1782935
599323136.4597025,1088469904.8457694
575236700.5021352,1071106442.1733445
603695486.4414444,1065590550.5828029
550173855.7786493,1087741391.0565362
593754646.1900631,1133537859.2432432
598819599.2682656,1039087483.2946812
565776379.210533,1049295840.0904598
565013026.614971,1079211113.2241938
589946692.0619467,1097473762.9806883
582086854.0108254,1100760827.608039
569063739.0925229,1067882135.9779768
573511097.363626,1060874775.4574679
600982801.7901986,1098836323.0213385
611980842.5844582,1096693389.9037507
620463795.476627,1060161892.544067
568209813.0480158,1066110264.7314954
588638721.1072385,1101350249.2358954
545082095.6569664,1026046056.2788428
579142913.1132101,1073313054.5501914
551807116.753978,1044268872.236987
603114630.4312508,1043927778.7791204
562641442.6940238,1035314277.2256601
577773985.5976865,1053717416.8663226
599749309.9709922,1082908053.0617297
558688978.7441576,1123766714.1133232
561743080.7187165,1110227862.8839993
590703870.3035711,1083045157.3629084
614483100.1306245,1102154371.610401
553952716.5664277,1075439057.9613807
601318758.9026804,1059606453.4626334
589538723.5002203,1099391811.0930886
600791345.9498291,1119227920.839679
597705555.9126058,1063498283.698991
571736436.6991137,1116075179.3929067
565858093.8853621,1070619166.0493594
581476278.559377,1101192916.8895202
610180143.4716681,1088128350.0041094
574261852.5117924,1154084469.7899287
583240450.5165634,1111783073.926672
594476740.4992001,1084076367.6900806
610616393.8676801,1125597117.3556602
600675650.5831032,1103262481.2879288
612093166.9862192,1053899080.0269089
603926008.0388582,1146503459.470897
556145078.1711687,1066383154.3518479
553594064.870235,1102239656.7408755
597699724.1668853,1149073903.6001666
581484936.3747241,1128629676.7549496
595274285.8113959,1088791736.4116817
562956593.1680593,1052495974.4715309
599575967.39838,1131951230.0038183
642456356.4268296,1057950116.1656204
579560884.1751499,1092163943.93215
551732160.6386364,1053997660.976558
602609481.3356152,1064489859.4705353
554646365.9805794,1063932970.9468595
577056755.465615,1072124774.4841459
517818324.115765,1107123492.8670313
578460697.0264802,1039646788.8559904
573807296.6221323,1068000044.5754842
609846324.3240049,1065203269.2260973
621928387.67794,1082392226.4738994
613938949.7628245,1160833997.8700948
558319473.8737664,1067160125.059003
540653204.6846658,1119394829.1349099
612531573.8770565,1050611304.4759704
558798368.5953555,1112947552.5872533
617857317.3818456,1108732183.9868362
584052592.3074297,1132802140.7765741
610390946.5563462,1080208196.2174337
586834824.2048664,1115514997.0519047
589521528.1453321,1151623525.6527236
593844784.1606003,1049401544.0794818
571005951.7718555,1060171394.219692
578451244.6940502,1113175662.4034007
597030864.818443,1098332293.536193
606025689.9634993,1068581229.0155939
593073754.9921633,1128403822.4633992
584481908.4443517,1055567395.3650904
621703628.5936075,1104206902.0913548
588603141.334078,1042866227.3195919
565684122.5907593,1137770834.1182418
622857294.5128561,1127234108.3714757
614362927.4697737,1100037994.8466728
627595769.6796403,1057573966.0875356
562144081.8949578,1088586659.7939231
550060838.5079356,1078299845.2179139
603840983.7496756,1057809234.2528335
604804005.2793783,1066996344.3326889
576161749.7045566,1134591630.4404607
608592401.3981152,1112848364.7158084
615396266.1877176,1087975924.9699843
580588190.0626212,1101624449.1403046
564672518.3952416,1101592599.76153
573563443.8866711,1089164446.7727604
595599906.7291523,1098542885.0998802
534624152.4075753,1101214971.286809
567131988.2054449,1113164680.2583427
583646719.7614658,1046438583.731051
590918038.0882552,1098975997.6608489
566059354.5830442,1040263963.861219
598222320.6120871,1096554490.7454302
581551474.2077392,1066245644.5935397
610486369.0234119,1022573435.5504205
593743896.5916632,1084780042.0078697
576604885.8016114,1048799953.5495577
587048738.3418733,1092398651.7857149
575285603.7102835,1101938315.157606
592266191.3506718,1020944618.2001518
555561683.5723186,1047379735.7056916
605020491.5228288,1068560698.1342313
556256862.71597,1084673612.7333608
568255465.2218629,1079814006.225894
581608261.5154921,1071097071.4396983
605807174.519292,1135699168.192817
605218377.6943275,1084243514.774689
583785584.5893497,1066904482.5356839
613197499.5860486,1046847189.9326558
639194440.5063307,1108670786.4762144
582935628.5107116,1140609253.443763
571607931.7748394,1103160948.3332782
575238570.6742882,1147078079.5238109
599545649.543112,1046163940.3301762
609421513.4881225,1068363005.980804
572931938.6336864,1114535556.6172142
573125829.5327328,1111432247.991042
597234463.9136562,1134324203.5132277
613103203.6812828,1092365988.2959056
579080107.1971016,1155666352.7769768
583306772.9683356,1096676479.1387837
618351639.3764856,1100869427.5247927
590504781.926913,1078620374.1155808
577124265.8750906,1054935172.4094913
566191677.4031879,1072294280.6991787
573563513.583742,1074467588.6006296
609597192.7200254,1066824480.6022136
601608526.8824102,1094158087.0693038
595075502.2701488,1069897230.9694554
612974470.5457411,1086517275.25266
554715791.6038301,1128755804.7342377
577122651.367604,1078771467.3028145
582697072.0945969,1077321844.5424082
583429718.5443872,1076224596.5845156
553078506.8279853,1120060604.4987588
583951855.2591796,1175464863.9667265
611833432.9462332,1098202373.0725648
566018481.3164525,1103176869.8920133
568576787.7694683,1066964721.1972574
574215427.0788907,1020759752.0688181
594333161.3953485,1070018320.0970128
570803930.2066636,1095515367.9244974
597845158.7219883,1127574782.686478
607060226.862436,1098614656.9371295
576862356.3855653,1059085353.0784376
564748203.9742585,1095921216.7386947
596874672.7702043,1058597559.5977975
595369193.7162508,1071768790.6053807
608206295.0438426,1063979399.0617714
639013704.5614277,1084173094.616345
577310404.7311506,1110773908.3412924
572451491.9656796,1114851117.8747764
584472397.9706312,1038153837.7379013
599642475.572788,1092680055.2054703
588913630.5491191,1032167938.2208024
581018443.1611565,1087445790.1976988
595871762.9301617,1082522188.4972
615242882.3406857,1025475824.0968289
589693026.746768,1133738808.5117698
598745018.0062859,1053578917.5694383
567750949.4239761,1065530405.6252922
578261135.4130136,1117193030.7309172
599466702.4100122,1149380061.0804758
564572451.5048068,1118832166.3803735
580211823.7701046,1091048169.7548158
594999597.004971,1124201028.9940767
618202883.1565311,1048519749.4321332
584292323.0950838,1145522837.2116594
553657575.0827205,1116647350.8978465
591330902.2700621,1078104075.898727
600589956.4246355,1086451252.549059
625247854.3963735,1156370595.2956018
604536038.3231453,1171120123.8634772
554842665.95072,1048062288.0536269
544474828.8993253,1085837492.1009698
636172762.1457783,1014338692.6944417
584702176.3882976,1094723843.8810086
595605885.1940213,1093850815.1868973
615746458.6214812,1083689586.9735658
603339302.0094676,1110065305.2283754
568564546.4465151,1077774031.248487
613630688.1153884,1108273115.0135837
561201482.0710049,1108955876.8177898
606081141.4935293,1070432030.5409732
552360272.7664899,1067458635.4897956
603393888.5071023,1100663677.0266426
604109635.5108532,1043870533.8106579
594068548.3042489,1082414628.3608372
583741611.5858799,1109567871.5260565
643694673.0286728,1100493739.927473
612772057.035926,1089380535.4047527
605370254.0978355,1082261205.4769926
567034572.4970036,1113340905.1930866
591069929.0596851,1106665364.4701762
554091218.5364373,1069812545.7047453
595053277.8980913,1098010101.932974
597525591.5054216,1062615249.5096791
597602425.8873231,1090737420.642955
541794367.9936979,1070755581.7333584
602994497.6438235,1087760464.65988
622587909.8821434,1081636871.5517433
584186467.4655745,1100400348.8400593
616771573.3231484,1039052797.8348048
561386838.6396985,1038625794.2758955
589168499.1911058,1098984848.0589492
605018730.4111531,1092313356.343514
623447285.3123494,1127971944.7835608
586684037.6884817,1085823916.4348567
599124095.7452025,1080267124.5685031
607669934.3272209,1028315836.5875281
594919527.6450903,1077249360.4293122
546599891.144697,1071177418.3679057
609547173.93156,1092688680.6162143
592631152.4957844,1082515664.4395194
585380518.3462951,1090670137.8330479
601661610.1976726,1072553235.0420778
605677395.1981189,1131876296.2474918
604096854.280252,1157123965.670377
550107681.0075871,1079113551.671637
598090979.8413867,1045293001.5540326
563276534.7553575,1162104738.2028384
550864801.3334664,1110361462.300891
612269201.4690688,1114325775.43111
605192982.5855213,1109366225.8065624
574194630.5404103,1087977232.2194977
611424171.0455961,1123112112.9826834
551287337.6684818,1060363393.0219256
581457099.3971438,1052263592.9400985
545170658.2597772,1084485117.8884914
562904420.6079502,1142162853.4575508
597745047.2202461,1056633059.2422315
595783218.8072127,1074709986.9978364
597756997.4533485,1094153513.204188
569534195.6540338,1160747357.0620892
589127383.8673196,1114237222.6692264
614219305.0021393,1119866010.5788941
631486673.2327008,1093312447.4839735
615563807.355687,1110437006.8693557
595529818.6098697,1092519909.0729647
608161342.1377958,1079931902.3002553
616410045.899649,1143159470.9579802
595851068.0270048,1092577535.18664
581212104.4779128,1100108215.14638
620108069.2940732,1068293780.0195744
591641999.998282,1054464253.6764263
585014194.7121431,1136235247.3089542
598712028.5052526,1067767078.421158
568578606.196661,1045373244.8795176
600720987.4836518,1088045165.013654
610971417.9144424,1080539388.5565448
606879298.9721751,1083421631.8691764
578215195.7123712,1071369381.0429435
615632647.6589873,1124135151.148683
597489635.9594804,1072725337.7346493
597834582.663237,1038777908.7132887
559943622.0554026,1055513939.8308966
635720638.9393787,1104790743.4780486
597407696.6276479,997631152.7194729
591673871.6357473,1078479982.3261957
603194553.8205873,1096808939.8798554
598496608.4064407,1106063649.4358552
632006014.705348,1076196068.01646
561666315.9000914,1047190683.2408022
575940937.8665751,1073515658.8018751
556966706.3378209,1111622787.0227394
589304446.6402843,1105330213.0534077
551358303.8319583,1148779509.4499972
584342459.1526031,1119482298.4731562
557735853.4675068,1086258215.7685654
588024895.0487287,1092326094.5143535
627434267.4837197,1067572245.7798674
602457984.64451,1072843091.4632335
602937259.6818306,1131569783.6356485
637711240.6315753,1110141221.9450328
602278249.4281058,1137424679.9610028
593229327.3838458,1111564093.1876473
605379678.1929857,1138084285.8369987
556570642.3278565,1084642265.9382033
601375634.5097963,1025341591.2079701
535793196.5749038,1040287197.1220024
593712023.7770802,1131764129.8907144
606940048.8297167,1031199870.1306343
565142524.5652461,1060308759.0040215
590806533.3294758,1080833561.2528205
603996795.929333,1089216191.770781
620812705.6648577,1070699112.8874403
549768980.1575196,1083854415.9215605
552163010.0776291,1038092403.1635345
572143300.025332,1102416048.0111468
579062653.0562117,1101672437.011691
601957557.0866992,1068138432.1256957
591311233.2787491,1077457872.1966321
626888309.1789138,1045162476.2140315
573364037.9918909,1073822131.8386698
568881643.3747288,1089523395.5171838
597983762.8244488,1076976694.917641
593451834.4037547,1126921306.5686195
540097609.6811552,1169783893.6648524
581032503.4358742,1071413700.5412588
559528133.8340281,1056846423.1313348
611543863.5032552,1112674022.547608
609740731.6569122,1071559567.0197347
550033840.1474526,1115071411.9917657
567819478.4141662,1063454363.5846372
608051639.4449208,1109195715.4817703
631557048.952759,1105441462.9488752
590389301.8159165,1071870447.9461507
548736333.7314212,1149038793.1852546
577199220.6096723,1094115254.877999
616314685.9107531,1033716254.8797477
559295077.1952989,1078084573.0846603
550172465.6157111,1098596374.874284
569475849.2802622,1074028649.0005848
613074133.6357862,1099852501.7455375
560216373.8343395,1062264366.401965
583802697.6425558,1063022366.4098141
533171002.07322514,1074673937.7862952
519234803.8683963,1066671363.1542854
598924533.1303419,1129134691.179141
628672049.9759328,1104688498.6657996
592693114.0806161,1101980057.5906405
596577615.1589129,1092728566.4679017
586147401.4488804,1078623559.4359791
581327675.949444,1047709485.0196851
572804703.3791866,1104623610.848547
590405604.8016455,1051436977.5117586
599448876.5325303,1087164840.505113
593940136.3489847,1092177028.507487
588732765.6189198,1107657589.7985153
626678747.1281474,1054007437.4934204
570976730.1190456,1100249446.9470956
570415789.8971449,1075379434.2032797
569824608.2964871,1126745892.1648288
598910977.422358,1104330763.1122284
604576414.4943391,1073686624.3457837
612270753.0177994,1044656152.9807743
609814070.0225835,1107181796.7968001
605320858.8057861,1072679308.4880221
592297153.8956848,1078368701.845948
602411214.7440618,1146480766.745715
636216550.556762,1089753205.56777
541386761.3802651,1065574153.88936
589893144.2215309,1060987274.1329212
596793278.0473524,1048324416.5772165
592986911.7990073,1020180045.3180304
626886640.4943733,1066733479.8542367
577918469.8614776,1116885941.0676856
616684085.2231954,1064097545.1020639
622697568.5264634,1060072210.7467291
620576190.9423048,1068563799.1813592
574161047.3863444,1085926468.2067142
608650620.8629186,1063266737.7852509
624454034.8816932,1031358933.2293749
543676963.8264399,1137672672.2189987
597695959.1018268,1107112945.1659057
643377545.2696886,1033053319.9641781
592525608.1605129,1077708097.9086566
616009602.2448754,1173994684.7331462
625783425.6286908,1150870948.3041012
584792559.4237803,1100571211.6816843
591068997.273661,1050016131.2320821
592469204.7054622,1121169722.1264763
550553952.5254157,1131818219.7198348
604047417.4093208,1095023949.3468556
616659042.7901883,1099547077.68585
572593581.7172282,1097375788.94822
591562731.0998704,1079681597.2761471
598275931.3914788,1135125038.3423247
572089392.2049872,1043719576.0575275
557087861.6506972,1153637566.236963
604919397.2685161,1076365167.8233576
585998620.8555514,1125161035.6160457
640620348.5093586,1082101995.9700239
665894001.6475749,1016821597.8870584
653605775.941583,1100575592.9871693
567704236.4221137,1077850944.1473842
621404293.5766468,1057990040.9759206
598810906.1515368,1101712772.4170165
569716957.4753698,1100977252.788217
581303160.2323323,1058215139.0255313
550502816.1828518,1099127413.0345504
560757249.081623,1100885202.8961487
587701939.0683362,1096991352.3046641
575052126.7573727,1061761913.3044512
605794651.6188636,1122041863.072344
597348478.3993475,1070177963.9992913
571747945.614749,1022194859.2296312
587334611.3010468,1104843193.3613048
594897911.7736088,1146959630.9981084
550710920.6474099,1066955338.7030313
580590521.1820922,1047559678.8183682
586301367.7656437,1059986356.2011411
567761772.4682057,1067825738.2219943
569758372.2818463,1067667456.6078649
599502339.300533,1105931751.4286568
584208819.4776464,1103475055.5355434
604349704.3737204,1096590182.2228632
577384524.1202941,1122654439.5250063
589704606.9932162,1027156988.400307
606049875.8667555,1109943210.114728
618918194.6610218,1059378438.1712123
584987158.7188666,1040437362.2870799
570028993.7238053,1169035815.6292245
598212024.8837478,1104944044.5805566
638633292.0091038,1077156037.2826462
576801242.4577671,1126927332.315882
580241105.4122565,1068838036.6085764
574823809.8919089,1093771444.4642746
575731784.636333,1108734788.6413002
606076316.2165387,1126277389.1936903
605092287.7660341,1067212898.3882694
557256950.619888,1067392454.2190201
558801210.9479152,1070520712.0985153
521108772.55342627,1088845191.9716716
591243085.6072682,1090779961.498151
602643535.0698017,1101424358.0821054
601438936.4379988,1091377223.8365302
667837350.975141,1088100369.7782297
605519505.8319825,1125764005.166048
590506502.613027,1135425105.1658602
542786680.4455416,1134163601.3977208
566690133.6665568,1037068131.664808
599289349.9600488,1076669641.9889345
580712563.6937243,1043363765.2863551
526873605.9772875,1129041731.985083
564774682.9478132,1054069158.3246553
598450655.3871877,1026361988.681431
613832993.9538857,1044146790.5098222
603793721.2103411,1071762971.6514863
571511228.6533897,1116494753.1623337
613209843.9128456,1095245118.4860342
608844689.0261767,1104792109.5516143
583894609.0732005,1041141754.3061165
551219277.5484015,1060102562.4893597
591848725.3495102,1094078159.1989238
595291348.9780052,1097976927.7790422
618367379.9421874,1073438375.4429827
599830185.4099407,1094041445.0545735
615034791.8587223,1108003000.540641
586773785.3894109,1101848747.4780486
625685116.9655688,1113298798.1700437
